"SCENARIO";"TIPO_CASA";"DLV_LEVEL_2";"5G LAYERS";"4G LAYERS";"4G IN 5G LAYERS";"TOTAL_CAC";"VALOR_TOTAL_MM"
"2025 ACTUAL";CN;AGRO;1;82;0;140;0
"2025 ACTUAL";CN;AÇÃO JUDICIAL;0;0;0;0;0
"2025 ACTUAL";CN;COB. DISCRICIONÁRIA;0;0;0;0;0
"2025 ACTUAL";CN;COP 30;0;0;0;0;0
"2025 ACTUAL";CN;ECC;0;374;0;374;0
"2025 ACTUAL";CN;INDOOR;0;0;0;0;0
"2025 ACTUAL";CN;INDÚSTRIA;0;9;0;10;0
"2025 ACTUAL";CN;LOGÍSTICA;0;168;0;320;0
"2025 ACTUAL";CN;OBLIGATION 2.3GHZ;0;147;0;147;0
"2025 ACTUAL";CN;OBLIGATION 3.5GHZ;981;0;540;1521;0
"2025 ACTUAL";CN;OTHERS;0;235;0;235;0
"2025 ACTUAL";CN;PADO;0;12;0;12;0
"2025 ACTUAL";CE;ACORDO VIVO;0;53;0;53;0
"2025 ACTUAL";CE;AGRO;0;22;0;70;0
"2025 ACTUAL";CE;COB. DISCRICIONÁRIA;0;0;0;0;0
"2025 ACTUAL";CE;COP 30;0;0;0;0;0
"2025 ACTUAL";CE;ECC;0;466;0;466;0
"2025 ACTUAL";CE;INDÚSTRIA;0;1;0;10;0
"2025 ACTUAL";CE;LOGÍSTICA;0;58;0;132;0
"2025 ACTUAL";CE;OBLIGATION 3.5GHZ;1393;0;257;1650;0
"2025 ACTUAL";CE;OTHERS;0;224;0;224;0
"2025 ACTUAL";CE;UPSIDE;1200;0;0;1200;0
"2026 CAC (26-28) V02";CN;AGRO;0;133;0;246;39.62
"2026 CAC (26-28) V02";CN;DENSIFICAÇÃO 5G;0;0;0;0;0
"2026 CAC (26-28) V02";CN;ECC;50.00000000000004;0;50.00000000000004;100.00000000000008;9.36
"2026 CAC (26-28) V02";CN;EVENTOS SAZONAIS;0;93;0;93;8.49
"2026 CAC (26-28) V02";CN;INDÚSTRIA;8;23;0;41;5.18
"2026 CAC (26-28) V02";CN;LOGÍSTICA;0;289;0;562;14.74
"2026 CAC (26-28) V02";CN;NOVAS CIDADES 5G;0;0;0;0;0
"2026 CAC (26-28) V02";CN;OBLIGATION 2.3GHZ;0;217;0;217;16.79
"2026 CAC (26-28) V02";CN;OBLIGATION 3.5GHZ;187;0;165;352;43.13
"2026 CAC (26-28) V02";CN;RQUAL;0;0;0;0;0
"2026 CAC (26-28) V02";CE;ACORDO VIVO;0;121;0;121;11.53
"2026 CAC (26-28) V02";CE;AGRO;0;12;0;44;1.22
"2026 CAC (26-28) V02";CE;DENSIFICAÇÃO 5G;1271;0;0;1271;227
"2026 CAC (26-28) V02";CE;ECC;0;0;0;0;0.14
"2026 CAC (26-28) V02";CE;EVENTOS SAZONAIS;0;0;0;0;0.26
"2026 CAC (26-28) V02";CE;INDÚSTRIA;0;0;0;21;1.17
"2026 CAC (26-28) V02";CE;LOGÍSTICA;0;56;0;128;1.4
"2026 CAC (26-28) V02";CE;NOVAS CIDADES 5G;212;0;0;212;37.28
"2026 CAC (26-28) V02";CE;OBLIGATION 2.3GHZ;0;0;0;0;0.6
"2026 CAC (26-28) V02";CE;OBLIGATION 3.5GHZ;1689;0;67;1756;303.21
"2026 CAC (26-28) V02";CE;PADO;0;0;0;0;0
"2026 CAC (26-28) V02";CE;RQUAL;0;471;0;471;23.3
"2026 FCST 4+8 V0";CN;ACORDO VIVO;0;3;0;3;0.44
"2026 FCST 4+8 V0";CN;AGRO;0;133;0;246;39.62
"2026 FCST 4+8 V0";CN;DENSIFICAÇÃO 5G;0;0;0;0;0
"2026 FCST 4+8 V0";CN;ECC;50.00000000000004;0;50.00000000000004;100.00000000000008;9.36
"2026 FCST 4+8 V0";CN;EVENTOS SAZONAIS;0;93;0;93;8.49
"2026 FCST 4+8 V0";CN;INDÚSTRIA;8;23;0;41;5.18
"2026 FCST 4+8 V0";CN;LOGÍSTICA;0;289;0;562;14.74
"2026 FCST 4+8 V0";CN;NOVAS CIDADES 5G;0;0;0;0;0
"2026 FCST 4+8 V0";CN;OBLIGATION 2.3GHZ;0;217.9999999999995;0;217.9999999999995;16.79
"2026 FCST 4+8 V0";CN;OBLIGATION 3.5GHZ;193;0;171;364;44.3
"2026 FCST 4+8 V0";CN;PADO;1;0;0;1;0.29
"2026 FCST 4+8 V0";CN;RQUAL;0;0;0;0;0
"2026 FCST 4+8 V0";CE;ACORDO VIVO;0;111.795225211;0;111.795225211;8.79
"2026 FCST 4+8 V0";CE;AGRO;0;12;0;44;1.22
"2026 FCST 4+8 V0";CE;DENSIFICAÇÃO 5G;1271;0;0;1271;227
"2026 FCST 4+8 V0";CE;ECC;0;0;0;0;0.14
"2026 FCST 4+8 V0";CE;EVENTOS SAZONAIS;0;0;0;0;0.26
"2026 FCST 4+8 V0";CE;INDÚSTRIA;0;0;0;21;1.17
"2026 FCST 4+8 V0";CE;LOGÍSTICA;0;56;0;128;1.4
"2026 FCST 4+8 V0";CE;NOVAS CIDADES 5G;212;0;0;212;37.28
"2026 FCST 4+8 V0";CE;OBLIGATION 2.3GHZ;0;0;0;0;0.61
"2026 FCST 4+8 V0";CE;OBLIGATION 3.5GHZ;1683.00000000000002;0;67;1750.00000000000002;302.04
"2026 FCST 4+8 V0";CE;PADO;22;0;0;22;4.63
"2026 FCST 4+8 V0";CE;RQUAL;0;471;0;471;23.3
"2026 FCST 6+6 V0";CN;ACORDO VIVO;0;3;0;3;0.44
"2026 FCST 6+6 V0";CN;AGRO;0;133;0;246;26.87
"2026 FCST 6+6 V0";CN;DENSIFICAÇÃO 5G;0;0;0;0;0
"2026 FCST 6+6 V0";CN;ECC;50.00000000000004;0;50.00000000000004;100.00000000000008;9.36
"2026 FCST 6+6 V0";CN;EVENTOS SAZONAIS;0;93;0;93;8.49
"2026 FCST 6+6 V0";CN;INDÚSTRIA;8;23;0;41;5.18
"2026 FCST 6+6 V0";CN;LOGÍSTICA;0;289;0;562;25.09
"2026 FCST 6+6 V0";CN;MOBILITY CONTINUITY;0;47;0;47;5.51
"2026 FCST 6+6 V0";CN;NOVAS CIDADES 5G;0;0;0;0;0
"2026 FCST 6+6 V0";CN;OBLIGATION 2.3GHZ;0;217.9999999999995;0;217.9999999999995;16.79
"2026 FCST 6+6 V0";CN;OBLIGATION 3.5GHZ;194;0;172;366;45.07
"2026 FCST 6+6 V0";CN;PADO;1;0;0;1;0.29
"2026 FCST 6+6 V0";CN;RQUAL;0;0;0;0;0
"2026 FCST 6+6 V0";CE;ACORDO VIVO;0;111.795225211;0;111.795225211;7.39
"2026 FCST 6+6 V0";CE;AGRO;0;12;0;44;1.95
"2026 FCST 6+6 V0";CE;DENSIFICAÇÃO 5G;1271;0;0;1271;227
"2026 FCST 6+6 V0";CE;ECC;0;0;0;0;0.14
"2026 FCST 6+6 V0";CE;EVENTOS SAZONAIS;0;0;0;0;0.26
"2026 FCST 6+6 V0";CE;INDÚSTRIA;0;0;0;21;1.17
"2026 FCST 6+6 V0";CE;LOGÍSTICA;0;56;0;128;4.61
"2026 FCST 6+6 V0";CE;MOBILITY CONTINUITY;0;104;0;104;7.06
"2026 FCST 6+6 V0";CE;NOVAS CIDADES 5G;129;0;0;129;22.94
"2026 FCST 6+6 V0";CE;OBLIGATION 2.3GHZ;0;0;0;0;0.61
"2026 FCST 6+6 V0";CE;OBLIGATION 3.5GHZ;1681.9999999999997;0;67;1748.9999999999997;346
"2026 FCST 6+6 V0";CE;PADO;22;0;0;22;4.63
"2026 FCST 6+6 V0";CE;RQUAL;0;471;0;471;23.3
"2026 FCST 6+6 V01";CN;ACORDO VIVO;0;3;0;3;0.44
"2026 FCST 6+6 V01";CN;AGRO;0;133;0;246;26.87
"2026 FCST 6+6 V01";CN;DENSIFICAÇÃO 5G;0;0;0;0;0
"2026 FCST 6+6 V01";CN;ECC;50.00000000000004;0;50.00000000000004;100.00000000000008;9.36
"2026 FCST 6+6 V01";CN;EVENTOS SAZONAIS;0;93;0;93;8.49
"2026 FCST 6+6 V01";CN;INDÚSTRIA;8;23;0;41;5.18
"2026 FCST 6+6 V01";CN;LOGÍSTICA;0;289;0;562;25.09
"2026 FCST 6+6 V01";CN;MOBILITY CONTINUITY;0;47;0;47;5.51
"2026 FCST 6+6 V01";CN;NOVAS CIDADES 5G;0;0;0;0;0
"2026 FCST 6+6 V01";CN;OBLIGATION 2.3GHZ;0;217.9999999999995;0;217.9999999999995;16.79
"2026 FCST 6+6 V01";CN;OBLIGATION 3.5GHZ;194;0;172;366;45.07
"2026 FCST 6+6 V01";CN;PADO;1;0;0;1;0.29
"2026 FCST 6+6 V01";CN;RQUAL;0;0;0;0;0
"2026 FCST 6+6 V01";CE;ACORDO VIVO;0;111.795225211;0;111.795225211;7.39
"2026 FCST 6+6 V01";CE;AGRO;0;12;0;44;1.95
"2026 FCST 6+6 V01";CE;DENSIFICAÇÃO 5G;1271;0;0;1271;227
"2026 FCST 6+6 V01";CE;ECC;0;0;0;0;0.14
"2026 FCST 6+6 V01";CE;EVENTOS SAZONAIS;0;0;0;0;0.26
"2026 FCST 6+6 V01";CE;INDÚSTRIA;0;0;0;21;1.17
"2026 FCST 6+6 V01";CE;LOGÍSTICA;0;56;0;128;4.61
"2026 FCST 6+6 V01";CE;MOBILITY CONTINUITY;0;104;0;104;7.06
"2026 FCST 6+6 V01";CE;NOVAS CIDADES 5G;129;0;0;129;22.94
"2026 FCST 6+6 V01";CE;OBLIGATION 2.3GHZ;0;0;0;0;0.61
"2026 FCST 6+6 V01";CE;OBLIGATION 3.5GHZ;1681.9999999999997;0;67;1748.9999999999997;346
"2026 FCST 6+6 V01";CE;PADO;22;0;0;22;4.63
"2026 FCST 6+6 V01";CE;RQUAL;0;471;0;471;23.3
"2026 FCST 6+6 V02";CN;ACORDO VIVO;0;3;0;3;0.44
"2026 FCST 6+6 V02";CN;AGRO;0;133;0;246;26.87
"2026 FCST 6+6 V02";CN;DENSIFICAÇÃO 5G;0;0;0;0;0
"2026 FCST 6+6 V02";CN;ECC;50.00000000000004;0;50.00000000000004;100.00000000000008;9.36
"2026 FCST 6+6 V02";CN;EVENTOS SAZONAIS;0;93;0;93;8.49
"2026 FCST 6+6 V02";CN;INDÚSTRIA;8;23;0;41;5.18
"2026 FCST 6+6 V02";CN;LOGÍSTICA;0;289;0;562;25.09
"2026 FCST 6+6 V02";CN;MOBILITY CONTINUITY;0;47;0;47;5.51
"2026 FCST 6+6 V02";CN;NOVAS CIDADES 5G;0;0;0;0;0
"2026 FCST 6+6 V02";CN;OBLIGATION 2.3GHZ;0;217.9999999999995;0;217.9999999999995;16.79
"2026 FCST 6+6 V02";CN;OBLIGATION 3.5GHZ;194;0;172;366;45.07
"2026 FCST 6+6 V02";CN;PADO;1;0;0;1;0.29
"2026 FCST 6+6 V02";CN;RQUAL;0;0;0;0;0
"2026 FCST 6+6 V02";CE;ACORDO VIVO;0;111.795225211;0;111.795225211;7.39
"2026 FCST 6+6 V02";CE;AGRO;0;12;0;44;1.95
"2026 FCST 6+6 V02";CE;DENSIFICAÇÃO 5G;1271;0;0;1271;227
"2026 FCST 6+6 V02";CE;ECC;0;0;0;0;0.14
"2026 FCST 6+6 V02";CE;EVENTOS SAZONAIS;0;0;0;0;0.26
"2026 FCST 6+6 V02";CE;INDÚSTRIA;0;0;0;21;1.17
"2026 FCST 6+6 V02";CE;LOGÍSTICA;0;56;0;128;4.61
"2026 FCST 6+6 V02";CE;MOBILITY CONTINUITY;0;104;0;104;7.06
"2026 FCST 6+6 V02";CE;NOVAS CIDADES 5G;129;0;0;129;22.94
"2026 FCST 6+6 V02";CE;OBLIGATION 2.3GHZ;0;0;0;0;0.61
"2026 FCST 6+6 V02";CE;OBLIGATION 3.5GHZ;1681.9999999999997;0;67;1748.9999999999997;346
"2026 FCST 6+6 V02";CE;PADO;22;0;0;22;4.63
"2026 FCST 6+6 V02";CE;RQUAL;0;471;0;471;23.3
"2027 CAC (26-28) V02";CN;AGRO;0;133;0;246;39.62
"2027 CAC (26-28) V02";CN;ECC;50;50;50;150;19.66
"2027 CAC (26-28) V02";CN;ECQ;0;40;0;40;4.01
"2027 CAC (26-28) V02";CN;INDÚSTRIA;8;23;0;314;5.18
"2027 CAC (26-28) V02";CN;LOGÍSTICA;0;289;0;289;14.74
"2027 CAC (26-28) V02";CN;OBLIGATION 2.3GHZ;0;217;0;217;32.18
"2027 CAC (26-28) V02";CN;OBLIGATION 3.5GHZ;284;0;244;528;70.01
"2027 CAC (26-28) V02";CE;ACORDO VIVO;0;99.73;0;99.73;7.96
"2027 CAC (26-28) V02";CE;AGRO;0;12;0;44;1.22
"2027 CAC (26-28) V02";CE;ECC;0;76;0;76;6.6
"2027 CAC (26-28) V02";CE;ECQ;0;24;0;24;2.16
"2027 CAC (26-28) V02";CE;INDÚSTRIA;0;0;0;21;1.17
"2027 CAC (26-28) V02";CE;LOGÍSTICA;0;56;0;128;1.4
"2027 CAC (26-28) V02";CE;OBLIGATION 2.3GHZ;0;0;0;0;0
"2027 CAC (26-28) V02";CE;OBLIGATION 3.5GHZ;743;0;0;743;135.51
"2027 NEW PLAN (27-29) V0";CN;AGRO;0;133;0;246;39.62
"2027 NEW PLAN (27-29) V0";CN;ECC;50;50;50;150;19.66
"2027 NEW PLAN (27-29) V0";CN;ECQ;0;40;0;40;4.01
"2027 NEW PLAN (27-29) V0";CN;INDÚSTRIA;8;23;0;314;5.18
"2027 NEW PLAN (27-29) V0";CN;LOGÍSTICA;0;289;0;289;14.74
"2027 NEW PLAN (27-29) V0";CN;OBLIGATION 2.3GHZ;0;217;0;217;32.18
"2027 NEW PLAN (27-29) V0";CN;OBLIGATION 3.5GHZ;284;0;244;528;70.01
"2027 NEW PLAN (27-29) V0";CE;ACORDO VIVO;0;99.73;0;99.73;7.96
"2027 NEW PLAN (27-29) V0";CE;AGRO;0;12;0;44;1.22
"2027 NEW PLAN (27-29) V0";CE;ECC;0;76;0;76;6.6
"2027 NEW PLAN (27-29) V0";CE;ECQ;0;24;0;24;2.16
"2027 NEW PLAN (27-29) V0";CE;INDÚSTRIA;0;0;0;21;1.17
"2027 NEW PLAN (27-29) V0";CE;LOGÍSTICA;0;56;0;128;1.4
"2027 NEW PLAN (27-29) V0";CE;OBLIGATION 2.3GHZ;0;0;0;0;0
"2027 NEW PLAN (27-29) V0";CE;OBLIGATION 3.5GHZ;743;0;0;743;135.51
"2028 CAC (26-28) V02";CN;AGRO;0;165;0;301;27.58
"2028 CAC (26-28) V02";CN;ECC;50;50;50;150;22.02
"2028 CAC (26-28) V02";CN;ECQ;132;68;66;266;44.44
"2028 CAC (26-28) V02";CN;INDÚSTRIA;10;31;0;53;6.91
"2028 CAC (26-28) V02";CN;LOGÍSTICA;0;435;0;842;22.18
"2028 CAC (26-28) V02";CN;OBLIGATION 2.3GHZ;0;214;0;214;31.37
"2028 CAC (26-28) V02";CN;OBLIGATION 3.5GHZ;591;0;521;1112;147.19
"2028 CAC (26-28) V02";CE;ACORDO VIVO;0;106;0;106;8.46
"2028 CAC (26-28) V02";CE;AGRO;0;2;0;33;1.63
"2028 CAC (26-28) V02";CE;ECC;0;134;0;134;10.08
"2028 CAC (26-28) V02";CE;ECQ;844;0;4;848;165.16
"2028 CAC (26-28) V02";CE;INDÚSTRIA;0;0;0;29;1.61
"2028 CAC (26-28) V02";CE;LOGÍSTICA;0;39;0;106;1.91
"2028 CAC (26-28) V02";CE;OBLIGATION 2.3GHZ;0;0;0;0;0
"2028 CAC (26-28) V02";CE;OBLIGATION 3.5GHZ;989;0;0;989;184.39
"2028 NEW PLAN (27-29) V0";CN;AGRO;0;165;0;301;27.58
"2028 NEW PLAN (27-29) V0";CN;ECC;50;50;50;150;22.02
"2028 NEW PLAN (27-29) V0";CN;ECQ;132;68;66;266;44.44
"2028 NEW PLAN (27-29) V0";CN;INDÚSTRIA;10;31;0;53;6.91
"2028 NEW PLAN (27-29) V0";CN;LOGÍSTICA;0;435;0;842;22.18
"2028 NEW PLAN (27-29) V0";CN;OBLIGATION 2.3GHZ;0;214;0;214;31.37
"2028 NEW PLAN (27-29) V0";CN;OBLIGATION 3.5GHZ;591;0;521;1112;147.19
"2028 NEW PLAN (27-29) V0";CE;ACORDO VIVO;0;106;0;106;8.46
"2028 NEW PLAN (27-29) V0";CE;AGRO;0;2;0;33;1.63
"2028 NEW PLAN (27-29) V0";CE;ECC;0;134;0;134;10.08
"2028 NEW PLAN (27-29) V0";CE;ECQ;844;0;4;848;165.16
"2028 NEW PLAN (27-29) V0";CE;INDÚSTRIA;0;0;0;29;1.61
"2028 NEW PLAN (27-29) V0";CE;LOGÍSTICA;0;39;0;106;1.91
"2028 NEW PLAN (27-29) V0";CE;OBLIGATION 2.3GHZ;0;0;0;0;0
"2028 NEW PLAN (27-29) V0";CE;OBLIGATION 3.5GHZ;989;0;0;989;184.39
"2029 NEW PLAN (27-29) V0";CN;AGRO;0;165;0;301;27.58
"2029 NEW PLAN (27-29) V0";CN;ECC;50;50;50;150;22.02
"2029 NEW PLAN (27-29) V0";CN;ECQ;132;68;66;266;44.44
"2029 NEW PLAN (27-29) V0";CN;INDÚSTRIA;10;31;0;53;6.91
"2029 NEW PLAN (27-29) V0";CN;LOGÍSTICA;0;435;0;842;22.18
"2029 NEW PLAN (27-29) V0";CN;OBLIGATION 2.3GHZ;0;214;0;214;31.37
"2029 NEW PLAN (27-29) V0";CN;OBLIGATION 3.5GHZ;591;0;521;1112;147.19
"2029 NEW PLAN (27-29) V0";CE;ACORDO VIVO;0;106;0;106;8.46
"2029 NEW PLAN (27-29) V0";CE;AGRO;0;2;0;33;1.63
"2029 NEW PLAN (27-29) V0";CE;ECC;0;134;0;134;10.08
"2029 NEW PLAN (27-29) V0";CE;ECQ;844;0;4;848;165.16
"2029 NEW PLAN (27-29) V0";CE;INDÚSTRIA;0;0;0;29;1.61
"2029 NEW PLAN (27-29) V0";CE;LOGÍSTICA;0;39;0;106;1.91
"2029 NEW PLAN (27-29) V0";CE;OBLIGATION 2.3GHZ;0;0;0;0;0
"2029 NEW PLAN (27-29) V0";CE;OBLIGATION 3.5GHZ;989;0;0;989;184.39
